review_band,count,median,mean
High,33939,0.0,43.79554494828958
Low,11801,0.0,2.5657995085162275
Medium,15450,0.0,8.183624595469256
,21052,0.0,9.846047881436442
